{"60": {"1": [0.43907563025210083, 0.5525210084033614, 0.008403361344537815], "0.74": [0.5581395348837209, 0.29069767441860467, 0.1511627906976744]}, "61": {"1": [0.43308550185873607, 0.5613382899628253, 0.0055762081784386614], "0.74": [0.6338028169014085, 0.323943661971831, 0.04225352112676056]}, "62": {"1": [0.4426807760141093, 0.5485008818342152, 0.008818342151675485], "0.74": [0.6623376623376623, 0.2077922077922078, 0.12987012987012986]}, "63": {"1": [0.4444444444444444, 0.5418803418803418, 0.013675213675213675], "0.74": [0.6413043478260869, 0.2608695652173913, 0.09782608695652174]}, "64": {"1": [0.4161290322580645, 0.5709677419354838, 0.012903225806451613], "0.74": [0.514018691588785, 0.37383177570093457, 0.11214953271028037]}, "65": {"1": [0.3867403314917127, 0.5948434622467772, 0.01841620626151013], "0.74": [0.5824175824175825, 0.23076923076923078, 0.18681318681318682]}, "66": {"1": [0.37012987012987014, 0.6168831168831169, 0.012987012987012988], "0.74": [0.6382978723404256, 0.2765957446808511, 0.0851063829787234]}, "67": {"1": [0.42592592592592593, 0.565843621399177, 0.00823045267489712], "0.74": [0.5483870967741935, 0.3010752688172043, 0.15053763440860216]}, "68": {"1": [0.3946830265848671, 0.5950920245398773, 0.010224948875255624], "0.74": [0.5, 0.2916666666666667, 0.20833333333333334]}, "69": {"1": [0.39, 0.582, 0.028], "0.74": [0.5666666666666667, 0.25555555555555554, 0.17777777777777778]}, "70": {"1": [0.3524590163934426, 0.6256830601092896, 0.02185792349726776], "0.74": [0.4931506849315068, 0.3424657534246575, 0.1643835616438356]}, "71": {"1": [0.36885245901639346, 0.6202185792349727, 0.01092896174863388], "0.74": [0.47761194029850745, 0.26865671641791045, 0.2537313432835821]}, "72": {"1": [0.38095238095238093, 0.6031746031746031, 0.015873015873015872], "0.74": [0.34285714285714286, 0.38571428571428573, 0.2714285714285714]}, "73": {"1": [0.36577181208053694, 0.610738255033557, 0.02348993288590604], "0.74": [0.391304347826087, 0.2826086956521739, 0.32608695652173914]}, "74": {"1": [0.36, 0.612, 0.028], "0.74": [0.5925925925925926, 0.18518518518518517, 0.2222222222222222]}, "75": {"1": [0.32489451476793246, 0.6455696202531646, 0.029535864978902954], "0.74": [0.46774193548387094, 0.1935483870967742, 0.3387096774193548]}, "76": {"1": [0.34513274336283184, 0.6150442477876106, 0.03982300884955752], "0.74": [0.5490196078431373, 0.17647058823529413, 0.27450980392156865]}, "77": {"1": [0.2689075630252101, 0.7100840336134454, 0.02100840336134454], "0.74": [0.5106382978723404, 0.2978723404255319, 0.19148936170212766]}, "78": {"1": [0.33544303797468356, 0.6329113924050633, 0.03164556962025317], "0.74": [0.40816326530612246, 0.20408163265306123, 0.3877551020408163]}, "79": {"1": [0.2835820895522388, 0.664179104477612, 0.05223880597014925], "0.74": [0.41509433962264153, 0.1320754716981132, 0.4528301886792453]}}